"","time","cif.control","cif.control.lower","cif.control.upper","cif.exposure","cif.exposure.lower","cif.exposure.upper"
"1",0.0027378508,0.0441675688424355,0.0263519318932435,0.0622574444660004,0.0344891142956659,0.0254959059032225,0.0654842020941181
"2",0.1505817933,0.0466835787669961,0.0272293268632315,0.0643929912277492,0.0364549703291667,0.0268079195205712,0.068153452939322
"3",0.1861738535,0.0485399280031316,0.0286903807523622,0.0664950538953317,0.0379060519833909,0.027672021718216,0.071292780385692
"4",0.1998631075,0.0503594050178813,0.0300696812348086,0.069919696646371,0.039328931352309,0.0292228408109438,0.0741191858246302
"5",0.2381930185,0.054629995914104,0.0315084838883608,0.0739279179662418,0.042672081679584,0.0307289716554656,0.0800618473117674
"6",0.2409308693,0.0567654341920537,0.0331884395410974,0.0758443379438052,0.0443446300770221,0.0323218341710271,0.0825175463253622
"7",0.3039014374,0.0590127443025724,0.0351409636087223,0.0774506850744,0.0461057571585853,0.0340119614611205,0.086729886158814
"8",0.3312799452,0.0611036597549358,0.0351751351860479,0.0810603745831718,0.0477451545758053,0.034412455059679,0.0889918265478432
"9",0.3449691992,0.0629599842802323,0.0365138744375636,0.0810603745831718,0.0492012755477976,0.0360424473248152,0.0900324904989028
"10",0.3504449008,0.0647815958808995,0.0371167657359901,0.0839788868997593,0.0506308008009134,0.0378504614224481,0.0922944808670228
"11",0.3641341547,0.0666200537284756,0.0408805948054641,0.0875340495708754,0.0520741930963181,0.03966274012969,0.0962801427551981
"12",0.3668720055,0.0686848651103661,0.0424683383881779,0.0879583915610796,0.0536961159807334,0.0428895719877131,0.0965867497131897
"13",0.3915126626,0.0707590456845149,0.0440919184508932,0.0892952462115832,0.05532622621907,0.0429593037995267,0.102109935500687
"14",0.4052019165,0.0747464776634583,0.0471298040044891,0.0924490501098736,0.0584630463153363,0.0454552182245456,0.106093277764981
"15",0.4161533196,0.0787014891977273,0.0505914257195273,0.0968870979111302,0.0615774029722675,0.0474083349197799,0.107844722149533
"16",0.4435318275,0.0806087931080646,0.0510857774086401,0.0978805228855093,0.0630800103608816,0.0488877114409006,0.109108883753236
"17",0.4572210815,0.0835459198843991,0.0561963647760136,0.103507358332249,0.0653956184564078,0.0525928171636852,0.11424102898681
"18",0.462696783,0.0853803947232417,0.0561971364033562,0.104962763397474,0.0668425645690644,0.0534472833862693,0.11424102898681
"19",0.4818617385,0.0872508714124029,0.0598304811388845,0.107398986188524,0.0683185954195116,0.0551345885534675,0.117969074065492
"20",0.501026694,0.0890853388198862,0.0607118553986186,0.109383816132193,0.0697668742186121,0.0551736192107253,0.118452744561378
"21",0.5311430527,0.0914839936904862,0.0623974933996949,0.112759378196527,0.071661706951876,0.0551736192107253,0.120515677575851
"22",0.5393566051,0.0955779459873405,0.0659522513931191,0.116069736622629,0.0748990839907438,0.058038764548777,0.12559784626123
"23",0.5585215606,0.0978445839195598,0.0661365014732171,0.119704340533517,0.0766924997440697,0.0598541871074789,0.129281326524618
"24",0.5694729637,0.0996824287040363,0.0699200152409291,0.12241058249904,0.07814732025968,0.0604849212182883,0.131266637301366
"25",0.5776865161,0.101538121615015,0.0710018810520909,0.125798717056992,0.0796169598238383,0.0620505418900893,0.13331823084303
"26",0.5968514716,0.103704816593364,0.0737766134022618,0.126507861701154,0.0813338457205091,0.0677166766198389,0.137339965326693
"27",0.6132785763,0.10579368933134,0.0756616381905537,0.126593105414908,0.0829899456011343,0.0684181307499775,0.137339965326693
"28",0.6899383984,0.107161752226624,0.0771542762717795,0.132190846905401,0.0840749513895672,0.0700125029100712,0.141977372444175
"29",0.7008898015,0.108891080769665,0.0777583120852979,0.134317504094583,0.0854470815575671,0.0721644667061627,0.144253233519835
"30",0.7091033539,0.110752995019009,0.0800286442614389,0.135800429771699,0.086925115578255,0.0738054892678386,0.146225204199635
"31",0.7118412047,0.112554514117474,0.0820582461890357,0.136643259396963,0.0883558672817847,0.0752708376030725,0.15000564288566
"32",0.7173169062,0.112554514117474,0.0820582461890357,0.136643259396963,0.0883558672817847,0.0752708376030725,0.15000564288566
"33",0.733744011,0.114424368406831,0.0828046877623892,0.138669687883757,0.0898419650359421,0.0764198348316354,0.150151918259568
"34",0.7665982204,0.116225962299161,0.0844542901249266,0.140663070516156,0.0912744775558995,0.0784688700457365,0.153641594583559
"35",0.8076659822,0.118273944811631,0.0844542901249266,0.143837260198886,0.0929037654527139,0.0793356793780153,0.158349355297767
"36",0.8240930869,0.121908957597644,0.0852624272471126,0.145553374513615,0.0957983588852366,0.0808561975716019,0.158427884034982
"37",0.8268309377,0.121908957597644,0.0852624272471126,0.145553374513615,0.0957983588852366,0.0808561975716019,0.158427884034982
"38",0.8350444901,0.123722528818573,0.0879551263084355,0.147329421631608,0.0972433665058978,0.0810326676052251,0.160948042488382
"39",0.8542094456,0.125442361522302,0.0885578252511494,0.147641449316274,0.0986143010026553,0.0840357491302666,0.166697262826174
"40",0.8678986995,0.129841997472819,0.0917147922428114,0.154544330655142,0.102125444472463,0.0867016748566299,0.170575008349513
"41",0.8815879535,0.13167992107246,0.0938416854353032,0.155535176322397,0.103592914238105,0.0880584285569984,0.173040326051104
"42",0.8980150582,0.13167992107246,0.0938416854353032,0.155535176322397,0.103592914238105,0.0880584285569984,0.173040326051104
"43",0.9062286105,0.133809183161178,0.0966949234166179,0.15752574993365,0.105294764009137,0.0892716275398916,0.176519808288985
"44",0.9089664613,0.135941681851042,0.0972559213261057,0.158524627645098,0.107000165343017,0.0922996858194522,0.17712539946572
"45",0.9171800137,0.135941681851042,0.0972559213261057,0.158524627645098,0.107000165343017,0.0922996858194522,0.17712539946572
"46",0.9199178645,0.138105923330333,0.0989303292771972,0.160014971192481,0.108732592937032,0.0947354517047455,0.179838330379922
"47",0.9336071184,0.139938317389029,0.100410724573196,0.162733877053113,0.110200102934943,0.0947696306270218,0.181520808604515
"48",0.9418206708,0.141791928404804,0.10493813177308,0.164856011291997,0.111685342631575,0.0960135970609894,0.184212219881926
"49",0.9445585216,0.143852641228278,0.10496094083154,0.170982159669538,0.113337440853266,0.0985879049469433,0.185740639574111
"50",0.9609856263,0.145638732562319,0.10955167611091,0.171709737124625,0.114770060476312,0.0999719423917735,0.189631388499801
"51",0.9883641342,0.147388189421739,0.111311016413995,0.172245186483778,0.116173958147139,0.100024161803266,0.193506678380911
"52",1.0431211499,0.149236747468084,0.113089760930989,0.172245186483778,0.117658123813297,0.101383078975369,0.195818769715546
"53",1.0513347023,0.151411401912788,0.113089760930989,0.174571620736943,0.119405134547453,0.101825570850218,0.196088059476122
"54",1.0568104038,0.153523046611375,0.114778708930552,0.175242830303678,0.121102500168037,0.103105808027387,0.197880109428608
"55",1.067761807,0.155655234495102,0.11951783367092,0.177358001359619,0.122817374632258,0.10490616715613,0.198088265501023
"56",1.0704996578,0.157786230007987,0.120605241978612,0.179178797492838,0.124532288097363,0.107461177311054,0.200415674008044
"57",1.0951403149,0.157786230007987,0.120605241978612,0.179178797492838,0.124532288097363,0.107461177311054,0.200415674008044
"58",1.1225188227,0.159885994343403,0.120656282980926,0.182305228108384,0.126223040326566,0.110142472812213,0.202114986137659
"59",1.1553730322,0.161702650724876,0.124012635695679,0.182580515191621,0.127686560603112,0.110726831263617,0.204549435770644
"60",1.1608487337,0.163553066358782,0.12726639220936,0.187087420715697,0.129178036721872,0.112302844313821,0.206109664524592
"61",1.1718001369,0.165374031954692,0.129209518891625,0.187137053822975,0.130646512468123,0.11409316336572,0.206821860466476
"62",1.18275154,0.167210612487453,0.129271827850013,0.187173562138714,0.132128332281967,0.116551568037267,0.210011209089174
"63",1.1854893908,0.169327537707092,0.131243220955676,0.190991836794253,0.133837346272582,0.118103162718739,0.211995334519616
"64",1.1937029432,0.171114133156058,0.132394863200086,0.193624502872459,0.135280397449819,0.11824755189077,0.215589512063372
"65",1.2265571526,0.173837044178421,0.132394863200086,0.194806686234151,0.137481388909246,0.120429550493778,0.218957731974803
"66",1.2292950034,0.175653670693392,0.132494906433858,0.198224635377012,0.138950554705105,0.123184845320701,0.220898211574999
"67",1.2676249144,0.178198424883882,0.134156698198175,0.201914647892618,0.141010048558042,0.125878228182821,0.223359503373593
"68",1.2703627652,0.179988752652602,0.135859042116193,0.202554128545033,0.142459706160154,0.127618534113713,0.226827193806633
"69",1.2840520192,0.181825302447345,0.13850016384993,0.203506189488722,0.143947558967446,0.127738738270722,0.230773375396826
"70",1.2895277207,0.182824635800708,0.141912247588276,0.20591972419851,0.144757381549714,0.12878982183794,0.231705569266855
"71",1.2977412731,0.184890456159316,0.143620256983882,0.20763682862125,0.146432422377057,0.132227627453065,0.232818354729792
"72",1.3032169747,0.184890456159316,0.143620256983882,0.20763682862125,0.146432422377057,0.132227627453065,0.232818354729792
"73",1.3305954825,0.186747829357136,0.143621646455353,0.210371000281757,0.14793961272684,0.134640783067675,0.234934286395236
"74",1.3716632444,0.188680815297313,0.145998748627939,0.213238106018448,0.149509022352015,0.134980263989145,0.236892860010469
"75",1.3853524983,0.190302538684442,0.14963203050449,0.213238106018448,0.150826323454378,0.135942994541226,0.239677766396742
"76",1.3880903491,0.192032637856385,0.153122015589664,0.213317805196154,0.152232350931213,0.137350574617859,0.241636188745462
"77",1.4072553046,0.192032637856385,0.153122015589664,0.213317805196154,0.152232350931213,0.137350574617859,0.241636188745462
"78",1.4154688569,0.193818111606248,0.153328047163667,0.215680448391533,0.153684767689171,0.138038976174906,0.243649330767526
"79",1.4182067077,0.195640070649564,0.155262879033741,0.215680448391533,0.155167641577435,0.138038976174906,0.243699822358428
"80",1.4373716632,0.197763725870946,0.157061988850717,0.216228261518611,0.15689712294075,0.143579779785746,0.245614384369568
"81",1.4483230664,0.199592497245921,0.157371033227309,0.218628052259249,0.158387870777211,0.143667234816319,0.249707746895742
"82",1.4510609172,0.201413078398796,0.159086320708494,0.222312720651917,0.159872728982048,0.143667234816319,0.25097569953452
"83",1.4620123203,0.201413078398796,0.159086320708494,0.222312720651917,0.159872728982048,0.143667234816319,0.25097569953452
"84",1.4811772758,0.203201032469268,0.160397747668691,0.223810707588261,0.161332129176028,0.145009864864631,0.251558932364239
"85",1.4866529774,0.205467070163816,0.165102356008282,0.226186622984269,0.163182990247871,0.145104602473893,0.25343350299264
"86",1.5085557837,0.207287735109751,0.165740248958619,0.227815373970997,0.164670874635673,0.146175430752348,0.255536283766946
"87",1.5195071869,0.209465945815752,0.167062393790742,0.228843091789792,0.166452096215538,0.149558135087328,0.256297920237816
"88",1.53045859,0.211328163407358,0.169404924113859,0.230875821664386,0.16797575424894,0.149598842443046,0.257160709692253
"89",1.5414099932,0.213183489236492,0.170909397348939,0.232199923243239,0.169494608092915,0.149598842443046,0.257160709692253
"90",1.659137577,0.215767939773381,0.172509267223509,0.236522013732089,0.171611982549087,0.15123500660206,0.260750384938544
"91",1.6728268309,0.217621826744433,0.173447032436546,0.238290781189774,0.173131664183399,0.154014877383192,0.263344159934565
"92",1.6865160849,0.220301892583692,0.175025864318591,0.239787278001939,0.175330348545393,0.156754851005795,0.266737647213867
"93",1.697467488,0.222923287593118,0.178287073157208,0.241806580022762,0.177482592590894,0.157878365589414,0.267456329632657
"94",1.7084188912,0.22443919650091,0.178287073157208,0.245751995192691,0.178727766759695,0.159192702266123,0.269272494098936
"95",1.7303216975,0.226301628307894,0.178332316818137,0.247674780322199,0.180258435383167,0.159209562297891,0.269718036031459
"96",1.7686516085,0.228117126848449,0.180831058437145,0.249622332418969,0.181751349884769,0.160722511567348,0.271567157534744
"97",1.8425735797,0.230277117765043,0.183677787175792,0.252510327952563,0.183528709107709,0.162609970889691,0.277557997189894
"98",1.8480492813,0.230277117765043,0.183677787175792,0.252510327952563,0.183528709107709,0.162609970889691,0.277557997189894
"99",1.87816564,0.234225261812432,0.187562089423092,0.25515780324693,0.186782013274992,0.165931644482325,0.277946919356509
"100",1.8809034908,0.2363804820601,0.187608257819872,0.25647412680832,0.18855959017333,0.16631220617787,0.280924848052581
"101",1.9110198494,0.238262137755018,0.187608257819872,0.258485103027383,0.190112435548967,0.167827470749584,0.287368579866591
"102",1.9192334018,0.240058311249204,0.187639557395043,0.260342881011888,0.191595557354278,0.167847011679982,0.288836571527511
"103",1.9575633128,0.241886634423877,0.189851690087571,0.262536266897241,0.193106078806846,0.169355683306546,0.289158826452214
"104",1.9630390144,0.243610217242521,0.191506325440771,0.264637200595388,0.194530826531607,0.171025380251099,0.291139550246809
"105",1.9904175222,0.245404375621261,0.195320727758474,0.2663226727692,0.196014739954337,0.172564077963343,0.293698551154948
"106",1.993155373,0.247409350603283,0.196108545694331,0.268204732287376,0.197674051323655,0.174655269436044,0.295895838786158
"107",2.0013689254,0.249186803013144,0.199608114420189,0.275183226269191,0.199145882087407,0.176452858343769,0.298597783151025
"108",2.0533880903,0.251311639870605,0.201204763188792,0.277165071099793,0.200906537585408,0.176925282630527,0.30225530182631
"109",2.0561259411,0.255225425541189,0.202673067904832,0.282373549663877,0.204153526915692,0.179005336005907,0.306212060972745
"110",2.0588637919,0.257280139768172,0.203819677806016,0.282373549663877,0.205859283039499,0.18211976945083,0.307907823066199
"111",2.0999315537,0.25868697090828,0.207975386915426,0.282748169168852,0.207027707740443,0.182808923460782,0.311735315085545
"112",2.1108829569,0.260076070104734,0.213104750672491,0.284820719077215,0.208181913392396,0.183781624042916,0.315189133510037
"113",2.1163586585,0.26363522105029,0.217233209592134,0.288458345653185,0.211142574056964,0.185205782984031,0.317798306518688
"114",2.1273100616,0.267696843493823,0.220089075077133,0.292838060052561,0.214525611401289,0.18522500317904,0.32256793450902
"115",2.1409993155,0.269472588598083,0.220528328592684,0.295256877631005,0.216005522111583,0.189666947086284,0.322628330415456
"116",2.1464750171,0.269472588598083,0.220528328592684,0.295256877631005,0.216005522111583,0.189666947086284,0.322628330415456
"117",2.1683778234,0.269472588598083,0.220528328592684,0.295256877631005,0.216005522111583,0.189666947086284,0.322628330415456
"118",2.1848049281,0.271531694821321,0.222732192902234,0.300359022837431,0.217723758319418,0.190194767786672,0.325029531155688
"119",2.1930184805,0.273827775634311,0.223948766531511,0.301243556666466,0.219641169070338,0.19133900892213,0.32503091475779
"120",2.2368240931,0.27561031367532,0.223948766531511,0.301243556666466,0.221130594875795,0.195841921510145,0.327276517010651
"121",2.2861054073,0.27745712337947,0.227652858380661,0.302525466736527,0.222674654534277,0.197200738581295,0.327478799743104
"122",2.2915811088,0.279580195280508,0.229257506750717,0.304280007201329,0.224450922918617,0.199457566660573,0.330469410181387
"123",2.3189596167,0.279580195280508,0.229257506750717,0.304280007201329,0.224450922918617,0.199457566660573,0.330469410181387
"124",2.3381245722,0.28170458518644,0.230613397694881,0.305584471660548,0.226230147073988,0.199464027922188,0.335036987618899
"125",2.3627652293,0.283498266738792,0.231322801626245,0.307167575885013,0.227733285919319,0.202047082259765,0.336980166219861
"126",2.3846680356,0.285010953995654,0.233075064316273,0.308104243551126,0.229001581246939,0.204912644626869,0.33855281178026
"127",2.4339493498,0.287088744429974,0.235681704994127,0.311851226640243,0.230744883254465,0.204912644626869,0.343999333704783
"128",2.4558521561,0.288696673772581,0.237195148361312,0.314564050127737,0.232094685911251,0.206884995805023,0.345891938878951
"129",2.4804928131,0.290773334801059,0.237197979874489,0.318185375434124,0.233839182138504,0.206884995805023,0.351735206752147
"130",2.507871321,0.292527177006142,0.238646412292419,0.319102352928711,0.235313360027948,0.208363516238463,0.353164372857835
"131",2.6091718001,0.294419608657772,0.2409902365861,0.321444878080972,0.236905038896075,0.208402638039101,0.353209943232325
"132",2.6310746064,0.296164097805938,0.242306957574184,0.325976992105737,0.238373148506686,0.209811043285857,0.355053821894933
"133",2.6721423682,0.298128625573672,0.246041677408196,0.328787219355052,0.240027532583926,0.212637840964623,0.357236790348396
"134",2.6967830253,0.298128625573672,0.246041677408196,0.328787219355052,0.240027532583926,0.212637840964623,0.357236790348396
"135",2.7049965777,0.299439010034119,0.247799262034686,0.328830629809631,0.241131948147569,0.215216587995317,0.359973149436701
"136",2.7405886379,0.299439010034119,0.247799262034686,0.328830629809631,0.241131948147569,0.215216587995317,0.359973149436701
"137",2.7679671458,0.299439010034119,0.247799262034686,0.328830629809631,0.241131948147569,0.215216587995317,0.359973149436701
"138",2.7707049966,0.301221097240502,0.24828459163316,0.330871888140991,0.242635480389724,0.21525425428035,0.361892350557801
"139",2.7789185489,0.302999612516191,0.250979805658467,0.334244662925864,0.244136912925977,0.215307409946753,0.361940122870827
"140",2.8610540726,0.304827845348404,0.251810844818366,0.334639792724449,0.245681286282556,0.216740498376884,0.366479697690014
"141",2.9158110883,0.30703532026472,0.255736884266275,0.338848207607701,0.247547437326198,0.21674190179176,0.3665767650885
"142",2.9897330595,0.30703532026472,0.255736884266275,0.338848207607701,0.247547437326198,0.21674190179176,0.3665767650885
"143",2.9952087611,0.308861800080817,0.256796669297979,0.339872673929358,0.249093301862055,0.217152280706854,0.366628716865764
"144",3.0061601643,0.310672748040838,0.259421711764558,0.34121830750964,0.250626986923039,0.218621363802478,0.370646360796968
"145",3.0088980151,0.311568153437479,0.262499022728177,0.343061413535821,0.251385539029689,0.221931104773002,0.372257927155922
"146",3.0280629706,0.313724452751638,0.265520749489878,0.343146629517746,0.253213648233547,0.223022897358483,0.376229365122679
"147",3.0581793292,0.314829254305923,0.265996385103479,0.343146629517746,0.254150660742541,0.226700553348567,0.380012707789525
"148",3.0746064339,0.314829254305923,0.265996385103479,0.343146629517746,0.254150660742541,0.226700553348567,0.380012707789525
"149",3.0828199863,0.31668079625749,0.269500948737379,0.345450942472511,0.255722025699938,0.230136113378191,0.385262014509831
"150",3.1375770021,0.318459509452387,0.271009721849767,0.347094702658037,0.25723252827505,0.233390878972192,0.389002688518523
"151",3.1540041068,0.320642713409369,0.271719111239485,0.351212926754532,0.259087959610513,0.233427511476717,0.389002688518523
"152",3.2251882272,0.322713116164768,0.273318552558466,0.353230955596745,0.260848816922538,0.238744317464256,0.392260322818978
"153",3.2525667351,0.322713116164768,0.273318552558466,0.353230955596745,0.260848816922538,0.238744317464256,0.392260322818978
"154",3.2635181383,0.324548045433523,0.274785056317979,0.355948989755823,0.262411028857671,0.240517709229747,0.393090899667776
"155",3.2744695414,0.326358657366893,0.27647360055972,0.358162966378691,0.263953536375238,0.243935153371991,0.394241585007357
"156",3.3374401095,0.32821030318399,0.278537098292818,0.361069414361422,0.265532049995815,0.245279313519193,0.394241585007357
"157",3.3483915127,0.330957135199722,0.278635557753329,0.362353946170411,0.267876021710523,0.245325643565659,0.398376200696907
"158",3.3785078713,0.333116637049484,0.280415318728446,0.364494121130413,0.269720242650593,0.247133441550617,0.39842475537343
"159",3.4031485284,0.334991278326347,0.282151427274483,0.368674309525766,0.271322280590696,0.247580029403797,0.400278849023256
"160",3.4113620808,0.33713580308244,0.283899709422253,0.372081109829618,0.27315638733057,0.249052778654304,0.402125179809251
"161",3.4168377823,0.338951024097582,0.285726655218129,0.375654095583858,0.274709885582057,0.250008782095214,0.404652439340134
"162",3.4524298426,0.340654706783898,0.287519557603898,0.375654095583858,0.276168836715808,0.251484425123359,0.406470906256295
"163",3.4551676934,0.340654706783898,0.287519557603898,0.375654095583858,0.276168836715808,0.251484425123359,0.406470906256295
"164",3.4688569473,0.340654706783898,0.287519557603898,0.375654095583858,0.276168836715808,0.251484425123359,0.406470906256295
"165",3.4825462012,0.342541874814839,0.289060742183414,0.377397678046878,0.277786598194637,0.256516489124166,0.408238142942469
"166",3.4934976044,0.342541874814839,0.289060742183414,0.377397678046878,0.277786598194637,0.256516489124166,0.408238142942469
"167",3.5044490075,0.342541874814839,0.289060742183414,0.377397678046878,0.277786598194637,0.256516489124166,0.408238142942469
"168",3.537303217,0.344685439518834,0.292924685819679,0.377496023119522,0.279625609789154,0.258046432178852,0.410753134923261
"169",3.5400410678,0.346936825920884,0.294930400662349,0.379694054710836,0.281558737248068,0.259193324459437,0.41277575943789
"170",3.5509924709,0.34876021630825,0.297361066170926,0.381703976962885,0.283125432916264,0.259884711736246,0.414457953788577
"171",3.5920602327,0.34876021630825,0.297361066170926,0.381703976962885,0.283125432916264,0.259884711736246,0.414457953788577
"172",3.6084873374,0.34876021630825,0.297361066170926,0.381703976962885,0.283125432916264,0.259884711736246,0.414457953788577
"173",3.6221765914,0.350575416728254,0.297361066170926,0.382866256020695,0.284687190531883,0.261312914369665,0.414457953788577
"174",3.6468172485,0.350575416728254,0.297361066170926,0.382866256020695,0.284687190531883,0.261312914369665,0.414457953788577
"175",3.6577686516,0.352429270297078,0.300345117598289,0.384568335409335,0.286283317659684,0.261333829324303,0.419619482743575
"176",3.6824093087,0.354300016456439,0.300434532864007,0.387535983618211,0.287895126854601,0.264556613451943,0.419658146824174
"177",3.7399041752,0.354300016456439,0.300434532864007,0.387535983618211,0.287895126854601,0.264556613451943,0.419658146824174
"178",3.7535934292,0.354300016456439,0.300434532864007,0.387535983618211,0.287895126854601,0.264556613451943,0.419658146824174
"179",3.7618069815,0.356171781036615,0.302994129512948,0.391901196656373,0.289509541426429,0.266133014866763,0.421996576268417
"180",3.7672826831,0.357769335773877,0.307453474966551,0.395561609432026,0.290888286137867,0.270257178968134,0.428126584232802
"181",3.8165639973,0.359576947910908,0.309228268385389,0.395568292625565,0.292449395350515,0.270294684667329,0.428187216862412
"182",3.871321013,0.361465150817548,0.31097620666948,0.397414294263317,0.294081285784283,0.270714850296151,0.433017368899853
"183",3.8822724162,0.361465150817548,0.31097620666948,0.397414294263317,0.294081285784283,0.270714850296151,0.433017368899853
"184",3.9370294319,0.361465150817548,0.31097620666948,0.397414294263317,0.294081285784283,0.270714850296151,0.433017368899853
"185",3.9671457906,0.361465150817548,0.31097620666948,0.397414294263317,0.294081285784283,0.270714850296151,0.433017368899853
"186",3.9698836413,0.361465150817548,0.31097620666948,0.397414294263317,0.294081285784283,0.270714850296151,0.433017368899853
"187",4.0054757016,0.363897304352644,0.311021170878362,0.399349770709958,0.296186731705552,0.271839419758973,0.433187338866174
"188",4.0109514031,0.364679021291801,0.312297560270203,0.402351682275213,0.296863646874682,0.271839419758973,0.436478760511452
"189",4.0246406571,0.364679021291801,0.312297560270203,0.402351682275213,0.296863646874682,0.271839419758973,0.436478760511452
"190",4.0684462697,0.364679021291801,0.312297560270203,0.402351682275213,0.296863646874682,0.271839419758973,0.436478760511452
"191",4.1040383299,0.364679021291801,0.312297560270203,0.402351682275213,0.296863646874682,0.271839419758973,0.436478760511452
"192",4.1095140315,0.364679021291801,0.312297560270203,0.402351682275213,0.296863646874682,0.271839419758973,0.436478760511452
"193",4.1396303901,0.366529289476022,0.314278935263232,0.402785128288458,0.298468195414413,0.271839419758973,0.441072655575725
"194",4.1478439425,0.368386047300541,0.315895404232835,0.402830681767318,0.300079546116163,0.27273266450939,0.444593037966455
"195",4.1779603012,0.370404782270753,0.316995911179647,0.403946939998083,0.301832859613387,0.27273266450939,0.447591805108936
"196",4.1943874059,0.370404782270753,0.316995911179647,0.403946939998083,0.301832859613387,0.27273266450939,0.447591805108936
"197",4.2108145106,0.372261324527816,0.317385990116366,0.406027485135052,0.303446489170765,0.274285313631708,0.44931907815785
"198",4.2162902122,0.374150286252312,0.320668051372689,0.406027485135052,0.305089526868778,0.277223786245991,0.455919691709537
"199",4.2464065708,0.374150286252312,0.320668051372689,0.406027485135052,0.305089526868778,0.277223786245991,0.455919691709537
"200",4.2819986311,0.375989980548774,0.322568069671339,0.408390549169958,0.306691588982028,0.278709015729193,0.456711037703717
"201",4.3011635866,0.375989980548774,0.322568069671339,0.408390549169958,0.306691588982028,0.278709015729193,0.456711037703717
"202",4.3066392882,0.375989980548774,0.322568069671339,0.408390549169958,0.306691588982028,0.278709015729193,0.456711037703717
"203",4.3422313484,0.379180960806728,0.325846208156536,0.411538604974619,0.309473956141271,0.27871017540446,0.456711037703717
"204",4.3915126626,0.379180960806728,0.325846208156536,0.411538604974619,0.309473956141271,0.27871017540446,0.456711037703717
"205",4.4188911704,0.381244500914657,0.326706678863915,0.415697869960914,0.31127475214693,0.281336891919938,0.456711037703717
"206",4.5338809035,0.383124788356191,0.327636827684809,0.416735999836151,0.312916876917238,0.282873697134014,0.458178283100042
"207",4.6023271732,0.383124788356191,0.327636827684809,0.416735999836151,0.312916876917238,0.282873697134014,0.458178283100042
"208",4.6160164271,0.383124788356191,0.327636827684809,0.416735999836151,0.312916876917238,0.282873697134014,0.458178283100042
"209",4.6461327858,0.383124788356191,0.327636827684809,0.416735999836151,0.312916876917238,0.282873697134014,0.458178283100042
"210",4.6598220397,0.383124788356191,0.327636827684809,0.416735999836151,0.312916876917238,0.282873697134014,0.458178283100042
"211",4.6625598905,0.383124788356191,0.327636827684809,0.416735999836151,0.312916876917238,0.282873697134014,0.458178283100042
"212",4.8432580424,0.385013908199267,0.329633381510827,0.417470604537941,0.31456860895274,0.28464617722018,0.458178283100042
"213",4.8569472964,0.386865222878076,0.331125859441463,0.420764238553344,0.316188511164491,0.287303556385483,0.461436412621116
"214",4.8678986995,0.386865222878076,0.331125859441463,0.420764238553344,0.316188511164491,0.287303556385483,0.461436412621116
"215",4.8761122519,0.386865222878076,0.331125859441463,0.420764238553344,0.316188511164491,0.287303556385483,0.461436412621116
"216",4.8815879535,0.386865222878076,0.331125859441463,0.420764238553344,0.316188511164491,0.287303556385483,0.461436412621116
"217",4.9281314168,0.386865222878076,0.331125859441463,0.420764238553344,0.316188511164491,0.287303556385483,0.461436412621116
"218",4.9746748802,0.386865222878076,0.331125859441463,0.420764238553344,0.316188511164491,0.287303556385483,0.461436412621116
"219",4.977412731,0.38880197937768,0.33149233562147,0.422599789169588,0.317884521168041,0.289121928091476,0.461436412621116
"220",5.0513347023,0.38880197937768,0.33149233562147,0.422599789169588,0.317884521168041,0.289121928091476,0.461436412621116
"221",5.0650239562,0.38880197937768,0.33149233562147,0.422599789169588,0.317884521168041,0.289121928091476,0.461436412621116
"222",5.1279945243,0.391173477287079,0.331595424581273,0.422738654348938,0.319963261246214,0.294776507845627,0.463736519615895
"223",5.158110883,0.393566451800563,0.335126958808273,0.424909050398395,0.322062903380929,0.296316773583864,0.466001218379334
"224",5.1663244353,0.393566451800563,0.335126958808273,0.424909050398395,0.322062903380929,0.296316773583864,0.466001218379334
"225",5.18275154,0.393566451800563,0.335126958808273,0.424909050398395,0.322062903380929,0.296316773583864,0.466001218379334
"226",5.2539356605,0.395995905119317,0.337256158861363,0.428429316384978,0.324196704903551,0.296356995855303,0.466055556763724
"227",5.3442847365,0.397950655840323,0.339291193582043,0.43278381447532,0.325914972235791,0.297938882629708,0.466055556763724
"228",5.3470225873,0.399900339375728,0.341168453512588,0.432811220309658,0.327630183880264,0.302225376860536,0.466055556763724
"229",5.3963039014,0.399900339375728,0.341168453512588,0.432811220309658,0.327630183880264,0.302225376860536,0.466055556763724
"230",5.4045174538,0.399900339375728,0.341168453512588,0.432811220309658,0.327630183880264,0.302225376860536,0.466055556763724
"231",5.440109514,0.399900339375728,0.341168453512588,0.432811220309658,0.327630183880264,0.302225376860536,0.466055556763724
"232",5.4483230664,0.40188663721124,0.341286220699603,0.432857894259136,0.329379064566474,0.302375061800111,0.469235443653343
"233",5.4647501711,0.404866134573603,0.345093115445212,0.434432189930929,0.332005732501509,0.303993504729134,0.471833557484127
"234",5.5468856947,0.404866134573603,0.345093115445212,0.434432189930929,0.332005732501509,0.303993504729134,0.471833557484127
"235",5.6153319644,0.407132606177135,0.346044510218629,0.437655348595742,0.334006557412518,0.305640943461794,0.477839533580323
"236",5.6235455168,0.408653224053796,0.348805825979278,0.438941412661379,0.335349819362036,0.305640943461794,0.479837811303975
"237",5.6290212183,0.408653224053796,0.348805825979278,0.438941412661379,0.335349819362036,0.305640943461794,0.479837811303975
"238",5.6372347707,0.408653224053796,0.348805825979278,0.438941412661379,0.335349819362036,0.305640943461794,0.479837811303975
"239",5.735797399,0.409751743070358,0.351738022186839,0.440137169598755,0.336321062643723,0.305769765775285,0.47994378755816
"240",5.787816564,0.411744739670309,0.354733292981668,0.443512454608684,0.338084661590306,0.307454163960378,0.484168696584692
"241",5.9082819986,0.411744739670309,0.354733292981668,0.443512454608684,0.338084661590306,0.307454163960378,0.484168696584692
"242",5.9383983573,0.414114847955717,0.35604001894983,0.447079012536686,0.340185078045354,0.309392146652374,0.485972539827744
"243",5.9493497604,0.414114847955717,0.35604001894983,0.447079012536686,0.340185078045354,0.309392146652374,0.485972539827744
"244",5.9520876112,0.414114847955717,0.35604001894983,0.447079012536686,0.340185078045354,0.309392146652374,0.485972539827744
"245",5.9767282683,0.414114847955717,0.35604001894983,0.447079012536686,0.340185078045354,0.309392146652374,0.485972539827744
"246",6.045174538,0.414114847955717,0.35604001894983,0.447079012536686,0.340185078045354,0.309392146652374,0.485972539827744
"247",6.0588637919,0.416383074359795,0.357021381918806,0.447200196112068,0.34219990097891,0.311648731811327,0.486023100746679
"248",6.1656399726,0.418413495508212,0.361857971283709,0.449170832481089,0.344005109331903,0.311745721369508,0.490184693873468
"249",6.1683778234,0.42046001522049,0.364023659758412,0.451394843974087,0.345826287934629,0.31345295587136,0.492752259551031
"250",6.1848049281,0.422829925750536,0.364051862409384,0.452335916152898,0.34793748405097,0.315031115422772,0.492856053251247
"251",6.2149212868,0.422829925750536,0.364051862409384,0.452335916152898,0.34793748405097,0.315031115422772,0.492856053251247
"252",6.2231348392,0.424786993768601,0.366942485120213,0.453413402023759,0.349682437727933,0.316756783996013,0.500330871212638
"253",6.2450376454,0.424786993768601,0.366942485120213,0.453413402023759,0.349682437727933,0.316756783996013,0.500330871212638
"254",6.2696783025,0.424786993768601,0.366942485120213,0.453413402023759,0.349682437727933,0.316756783996013,0.500330871212638
"255",6.3627652293,0.427255777619818,0.367006410725891,0.453413402023759,0.351886097176402,0.317594969173804,0.502809593234741
"256",6.4284736482,0.427255777619818,0.367006410725891,0.453413402023759,0.351886097176402,0.317594969173804,0.502809593234741
"257",6.4476386037,0.427255777619818,0.367006410725891,0.453413402023759,0.351886097176402,0.317594969173804,0.502809593234741
"258",6.4585900068,0.427255777619818,0.367006410725891,0.453413402023759,0.351886097176402,0.317594969173804,0.502809593234741
"259",6.4832306639,0.427255777619818,0.367006410725891,0.453413402023759,0.351886097176402,0.317594969173804,0.502809593234741
"260",6.5160848734,0.427255777619818,0.367006410725891,0.453413402023759,0.351886097176402,0.317594969173804,0.502809593234741
"261",6.5790554415,0.429287326233256,0.367006410725891,0.457079467365502,0.35370198495023,0.321194974512956,0.508196667779259
"262",6.6091718001,0.429287326233256,0.367006410725891,0.457079467365502,0.35370198495023,0.321194974512956,0.508196667779259
"263",6.6228610541,0.429287326233256,0.367006410725891,0.457079467365502,0.35370198495023,0.321194974512956,0.508196667779259
"264",6.6502395619,0.429287326233256,0.367006410725891,0.457079467365502,0.35370198495023,0.321194974512956,0.508196667779259
"265",6.6557152635,0.431356855931641,0.368607620408797,0.457528216837196,0.35555356998409,0.325190943876724,0.508820261112019
"266",6.6776180698,0.431356855931641,0.368607620408797,0.457528216837196,0.35555356998409,0.325190943876724,0.508820261112019
"267",6.6913073238,0.431356855931641,0.368607620408797,0.457528216837196,0.35555356998409,0.325190943876724,0.508820261112019
"268",6.6940451745,0.431356855931641,0.368607620408797,0.457528216837196,0.35555356998409,0.325190943876724,0.508820261112019
"269",6.7022587269,0.431356855931641,0.368607620408797,0.457528216837196,0.35555356998409,0.325190943876724,0.508820261112019
"270",6.7186858316,0.431356855931641,0.368607620408797,0.457528216837196,0.35555356998409,0.325190943876724,0.508820261112019
"271",6.7241615332,0.431356855931641,0.368607620408797,0.457528216837196,0.35555356998409,0.325190943876724,0.508820261112019
"272",6.7488021903,0.431356855931641,0.368607620408797,0.457528216837196,0.35555356998409,0.325190943876724,0.508820261112019
"273",6.7871321013,0.432896691172723,0.37034884941144,0.462163715056765,0.356932214892288,0.330006918018798,0.508956786672226
"274",6.7926078029,0.432896691172723,0.37034884941144,0.462163715056765,0.356932214892288,0.330006918018798,0.508956786672226
"275",6.8336755647,0.432896691172723,0.37034884941144,0.462163715056765,0.356932214892288,0.330006918018798,0.508956786672226
"276",6.8446269678,0.432896691172723,0.37034884941144,0.462163715056765,0.356932214892288,0.330006918018798,0.508956786672226
"277",6.8993839836,0.436326026217838,0.370372953402695,0.466051229602928,0.360008969604433,0.332240152253942,0.511394439396275
"278",6.9733059548,0.436326026217838,0.370372953402695,0.466051229602928,0.360008969604433,0.332240152253942,0.511394439396275
"279",6.9979466119,0.436326026217838,0.370372953402695,0.466051229602928,0.360008969604433,0.332240152253942,0.511394439396275
"280",7.0006844627,0.438564698159617,0.372750713998881,0.466051229602928,0.362020585489453,0.33417114325081,0.516064627403924
"281",7.0472279261,0.438564698159617,0.372750713998881,0.466051229602928,0.362020585489453,0.33417114325081,0.516064627403924
"282",7.0554414784,0.438564698159617,0.372750713998881,0.466051229602928,0.362020585489453,0.33417114325081,0.516064627403924
"283",7.0636550308,0.44072355895471,0.373254395610709,0.467348833373763,0.363962451206734,0.336535107416923,0.518060460441389
"284",7.0746064339,0.442892416190198,0.374826022629074,0.47154961160963,0.365915303988694,0.338928514600608,0.520470162101924
"285",7.0828199863,0.442892416190198,0.374826022629074,0.47154961160963,0.365915303988694,0.338928514600608,0.520470162101924
"286",7.1184120465,0.442892416190198,0.374826022629074,0.47154961160963,0.365915303988694,0.338928514600608,0.520470162101924
"287",7.1731690623,0.442892416190198,0.374826022629074,0.47154961160963,0.365915303988694,0.338928514600608,0.520470162101924
"288",7.2169746749,0.442892416190198,0.374826022629074,0.47154961160963,0.365915303988694,0.338928514600608,0.520470162101924
"289",7.241615332,0.442892416190198,0.374826022629074,0.47154961160963,0.365915303988694,0.338928514600608,0.520470162101924
"290",7.2443531828,0.445527403769118,0.379278426924107,0.472617176470204,0.368292017363077,0.340200978724038,0.521854531605906
"291",7.2525667351,0.445527403769118,0.379278426924107,0.472617176470204,0.368292017363077,0.340200978724038,0.521854531605906
"292",7.266255989,0.445527403769118,0.379278426924107,0.472617176470204,0.368292017363077,0.340200978724038,0.521854531605906
"293",7.3292265572,0.445527403769118,0.379278426924107,0.472617176470204,0.368292017363077,0.340200978724038,0.521854531605906
"294",7.3319644079,0.445527403769118,0.379278426924107,0.472617176470204,0.368292017363077,0.340200978724038,0.521854531605906
"295",7.3401779603,0.445527403769118,0.379278426924107,0.472617176470204,0.368292017363077,0.340200978724038,0.521854531605906
"296",7.3675564682,0.447747857495303,0.381244057284575,0.473866298736391,0.370299126687334,0.342347475682224,0.524526415351232
"297",7.4058863792,0.450030387701664,0.381766685902369,0.476097657188231,0.372364633602599,0.34431157416753,0.527943829568976
"298",7.4442162902,0.450030387701664,0.381766685902369,0.476097657188231,0.372364633602599,0.34431157416753,0.527943829568976
"299",7.4496919918,0.450030387701664,0.381766685902369,0.476097657188231,0.372364633602599,0.34431157416753,0.527943829568976
"300",7.4633812457,0.450030387701664,0.381766685902369,0.476097657188231,0.372364633602599,0.34431157416753,0.527943829568976
"301",7.6331279945,0.452354212596704,0.383959708605808,0.477039948192178,0.374469892359237,0.349181655678301,0.530059336753661
"302",7.6550308008,0.452354212596704,0.383959708605808,0.477039948192178,0.374469892359237,0.349181655678301,0.530059336753661
"303",7.665982204,0.452354212596704,0.383959708605808,0.477039948192178,0.374469892359237,0.349181655678301,0.530059336753661
"304",7.6687200548,0.452354212596704,0.383959708605808,0.477039948192178,0.374469892359237,0.349181655678301,0.530059336753661
"305",7.7973990418,0.452354212596704,0.383959708605808,0.477039948192178,0.374469892359237,0.349181655678301,0.530059336753661
"306",7.832991102,0.452354212596704,0.383959708605808,0.477039948192178,0.374469892359237,0.349181655678301,0.530059336753661
"307",7.8357289528,0.455088107760958,0.386938435853271,0.485455784919397,0.376952740503006,0.352501534935758,0.53230028322578
"308",7.9123887748,0.455088107760958,0.386938435853271,0.485455784919397,0.376952740503006,0.352501534935758,0.53230028322578
"309",7.9288158795,0.457825743552342,0.394815921912521,0.486466246175236,0.379442377942309,0.35265803108331,0.538596978721548
"310",7.9589322382,0.461161971959961,0.397177112865601,0.488397043725493,0.382481465083111,0.35515922310592,0.541847580839435
"311",8.052019165,0.461161971959961,0.397177112865601,0.488397043725493,0.382481465083111,0.35515922310592,0.541847580839435
"312",8.1095140315,0.461161971959961,0.397177112865601,0.488397043725493,0.382481465083111,0.35515922310592,0.541847580839435
"313",8.1204654346,0.461161971959961,0.397177112865601,0.488397043725493,0.382481465083111,0.35515922310592,0.541847580839435
"314",8.2628336756,0.463549273899649,0.399853709746789,0.491537752318588,0.38465876204771,0.356831893363266,0.54479741079368
"315",8.3668720055,0.463549273899649,0.399853709746789,0.491537752318588,0.38465876204771,0.356831893363266,0.54479741079368
"316",8.4188911704,0.463549273899649,0.399853709746789,0.491537752318588,0.38465876204771,0.356831893363266,0.54479741079368
"317",8.4380561259,0.463549273899649,0.399853709746789,0.491537752318588,0.38465876204771,0.356831893363266,0.54479741079368
"318",8.4490075291,0.463549273899649,0.399853709746789,0.491537752318588,0.38465876204771,0.356831893363266,0.54479741079368
"319",8.4599589322,0.466003677275175,0.399853709746789,0.494697723176696,0.386901419117264,0.361355889014893,0.547734866327344
"320",8.5065023956,0.469187748897046,0.402395492392731,0.494740872504219,0.389815555304497,0.363620987366815,0.549328987723074
"321",8.5694729637,0.469187748897046,0.402395492392731,0.494740872504219,0.389815555304497,0.363620987366815,0.549328987723074
"322",8.6488706366,0.471553439984764,0.403571047858534,0.499177154087139,0.391983336622692,0.363620987366815,0.551174023675934
"323",8.7392197125,0.471553439984764,0.403571047858534,0.499177154087139,0.391983336622692,0.363620987366815,0.551174023675934
"324",8.8514715948,0.474589220836307,0.40603983427932,0.503883882260632,0.394769542846853,0.367470923847617,0.551236707626652
"325",8.8761122519,0.474589220836307,0.40603983427932,0.503883882260632,0.394769542846853,0.367470923847617,0.551236707626652
"326",8.9226557153,0.474589220836307,0.40603983427932,0.503883882260632,0.394769542846853,0.367470923847617,0.551236707626652
"327",8.9308692676,0.474589220836307,0.40603983427932,0.503883882260632,0.394769542846853,0.367470923847617,0.551236707626652
"328",9.0020533881,0.474589220836307,0.40603983427932,0.503883882260632,0.394769542846853,0.367470923847617,0.551236707626652
"329",9.029431896,0.474589220836307,0.40603983427932,0.503883882260632,0.394769542846853,0.367470923847617,0.551236707626652
"330",9.0376454483,0.474589220836307,0.40603983427932,0.503883882260632,0.394769542846853,0.367470923847617,0.551236707626652
"331",9.0704996578,0.474589220836307,0.40603983427932,0.503883882260632,0.394769542846853,0.367470923847617,0.551236707626652
"332",9.0924024641,0.477064633300519,0.410120694379063,0.504867241684246,0.397048490787892,0.367865611437848,0.551303996391195
"333",9.1225188227,0.479589963448373,0.410174246567275,0.50713269339515,0.399376532705846,0.36973450141921,0.552971456749418
"334",9.1663244353,0.479589963448373,0.410174246567275,0.50713269339515,0.399376532705846,0.36973450141921,0.552971456749418
"335",9.1991786448,0.482061506087997,0.410915956982795,0.509632302150048,0.401658016682702,0.372001265264849,0.555984302051375
"336",9.2210814511,0.484904807666212,0.413174859392776,0.514085358104098,0.404286711514896,0.376680484812085,0.55807071327558
"337",9.2511978097,0.487730873473187,0.418293786998458,0.518642600528442,0.406903495702637,0.381549015945335,0.561127625300038
"338",9.3004791239,0.490272695755011,0.42354756796203,0.522494384045231,0.409260365974518,0.381674011554029,0.564385397265107
"339",9.3169062286,0.493238421138683,0.427000775762004,0.524840592641371,0.412014799296553,0.384121885323943,0.566417568623201
"340",9.5468856947,0.493238421138683,0.427000775762004,0.524840592641371,0.412014799296553,0.384121885323943,0.566417568623201
"341",9.607118412,0.493238421138683,0.427000775762004,0.524840592641371,0.412014799296553,0.384121885323943,0.566417568623201
"342",9.6427104723,0.493238421138683,0.427000775762004,0.524840592641371,0.412014799296553,0.384121885323943,0.566417568623201
"343",9.6481861739,0.496343105717414,0.430360028251136,0.525025432350351,0.414905253207789,0.388866692082459,0.575005930202675
"344",9.7303216975,0.500204072325073,0.4353566361342,0.529136347898942,0.418507650408159,0.390161952951706,0.575080645610881
"345",9.749486653,0.500204072325073,0.4353566361342,0.529136347898942,0.418507650408159,0.390161952951706,0.575080645610881
"346",9.7741273101,0.500204072325073,0.4353566361342,0.529136347898942,0.418507650408159,0.390161952951706,0.575080645610881
"347",9.8562628337,0.502690445835164,0.439869048846726,0.532216272869897,0.420830791364005,0.390161952951706,0.579228310658787
"348",9.9192334018,0.505187352045963,0.439874729415737,0.532248473384794,0.423167107152411,0.395416714333088,0.579352185269721
"349",10.05338809,0.505187352045963,0.439874729415737,0.532248473384794,0.423167107152411,0.395416714333088,0.579352185269721
"350",10.064339493,0.505187352045963,0.439874729415737,0.532248473384794,0.423167107152411,0.395416714333088,0.579352185269721
"351",10.179329227,0.508439236193094,0.439999608281622,0.536316537369769,0.426217855750026,0.401632364229877,0.587899655720245
"352",10.19028063,0.5109793772433,0.444031350353153,0.540141543125911,0.428604422508094,0.403104984761049,0.588732058061696
"353",10.283367556,0.5109793772433,0.444031350353153,0.540141543125911,0.428604422508094,0.403104984761049,0.588732058061696
"354",10.321697467,0.5109793772433,0.444031350353153,0.540141543125911,0.428604422508094,0.403104984761049,0.588732058061696
"355",10.40109514,0.5109793772433,0.444031350353153,0.540141543125911,0.428604422508094,0.403104984761049,0.588732058061696
"356",10.483230664,0.5109793772433,0.444031350353153,0.540141543125911,0.428604422508094,0.403104984761049,0.588732058061696
"357",10.502395619,0.5109793772433,0.444031350353153,0.540141543125911,0.428604422508094,0.403104984761049,0.588732058061696
"358",10.524298426,0.5109793772433,0.444031350353153,0.540141543125911,0.428604422508094,0.403104984761049,0.588732058061696
"359",10.532511978,0.5109793772433,0.444031350353153,0.540141543125911,0.428604422508094,0.403104984761049,0.588732058061696
"360",10.568104038,0.5109793772433,0.444031350353153,0.540141543125911,0.428604422508094,0.403104984761049,0.588732058061696
"361",10.617385352,0.513644251678695,0.444114040452963,0.541646640041303,0.431118449081742,0.405604203362825,0.594801472534532
"362",10.850102669,0.516765344582966,0.444693974329647,0.545222264911269,0.434068444254156,0.405654350572881,0.595041265221642
"363",10.945927447,0.519886328202894,0.450962075058101,0.548476486318317,0.437023968236241,0.406886710461741,0.595381073823548
"364",10.951403149,0.522551002919999,0.455966504124441,0.55324345358485,0.439551517305437,0.407007852873795,0.604608473648885
"365",10.976043806,0.522551002919999,0.455966504124441,0.55324345358485,0.439551517305437,0.407007852873795,0.604608473648885
"366",11.184120465,0.525262509547591,0.458903058661132,0.556006131499377,0.442129632553354,0.40952250400055,0.604608473648885
"367",11.274469541,0.525262509547591,0.458903058661132,0.556006131499377,0.442129632553354,0.40952250400055,0.604608473648885
"368",11.307323751,0.525262509547591,0.458903058661132,0.556006131499377,0.442129632553354,0.40952250400055,0.604608473648885
"369",11.394934976,0.525262509547591,0.458903058661132,0.556006131499377,0.442129632553354,0.40952250400055,0.604608473648885
"370",11.504449008,0.528107643913521,0.461735307879815,0.556745928248056,0.444839646066173,0.412498333125066,0.611165449650768
"371",11.589322382,0.528107643913521,0.461735307879815,0.556745928248056,0.444839646066173,0.412498333125066,0.611165449650768
"372",11.641341547,0.528107643913521,0.461735307879815,0.556745928248056,0.444839646066173,0.412498333125066,0.611165449650768
"373",11.663244353,0.528107643913521,0.461735307879815,0.556745928248056,0.444839646066173,0.412498333125066,0.611165449650768
"374",11.731690623,0.528107643913521,0.461735307879815,0.556745928248056,0.444839646066173,0.412498333125066,0.611165449650768
"375",11.786447639,0.528107643913521,0.461735307879815,0.556745928248056,0.444839646066173,0.412498333125066,0.611165449650768
"376",11.819301848,0.528107643913521,0.461735307879815,0.556745928248056,0.444839646066173,0.412498333125066,0.611165449650768
"377",11.82477755,0.528107643913521,0.461735307879815,0.556745928248056,0.444839646066173,0.412498333125066,0.611165449650768
"378",11.865845311,0.530885323443455,0.46755977459067,0.561312353041298,0.44750286263086,0.412598189568205,0.611327904589375
"379",11.874058864,0.530885323443455,0.46755977459067,0.561312353041298,0.44750286263086,0.412598189568205,0.611327904589375
"380",11.876796715,0.530885323443455,0.46755977459067,0.561312353041298,0.44750286263086,0.412598189568205,0.611327904589375
"381",11.939767283,0.53377803724315,0.471312462271065,0.566428641301818,0.450281721680623,0.412598189568205,0.614208383603411
"382",12.002737851,0.53377803724315,0.471312462271065,0.566428641301818,0.450281721680623,0.412598189568205,0.614208383603411
"383",12.216290212,0.53377803724315,0.471312462271065,0.566428641301818,0.450281721680623,0.412598189568205,0.614208383603411
"384",12.251882272,0.53377803724315,0.471312462271065,0.566428641301818,0.450281721680623,0.412598189568205,0.614208383603411
"385",12.410677618,0.53377803724315,0.471312462271065,0.566428641301818,0.450281721680623,0.412598189568205,0.614208383603411
"386",12.41889117,0.537182817405907,0.471865036975202,0.56886297130792,0.453567558817154,0.419955622086098,0.615061751062643
"387",12.468172485,0.537182817405907,0.471865036975202,0.56886297130792,0.453567558817154,0.419955622086098,0.615061751062643
"388",12.501026694,0.537182817405907,0.471865036975202,0.56886297130792,0.453567558817154,0.419955622086098,0.615061751062643
"389",12.517453799,0.537182817405907,0.471865036975202,0.56886297130792,0.453567558817154,0.419955622086098,0.615061751062643
"390",12.665297741,0.537182817405907,0.471865036975202,0.56886297130792,0.453567558817154,0.419955622086098,0.615061751062643
"391",12.889801506,0.537182817405907,0.471865036975202,0.56886297130792,0.453567558817154,0.419955622086098,0.615061751062643
"392",12.988364134,0.537182817405907,0.471865036975202,0.56886297130792,0.453567558817154,0.419955622086098,0.615061751062643
"393",13.048596851,0.540281177765981,0.473782559393043,0.572842834891957,0.456567055832449,0.422778911889394,0.618702389816501
"394",13.188227242,0.540281177765981,0.473782559393043,0.572842834891957,0.456567055832449,0.422778911889394,0.618702389816501
"395",13.245722108,0.540281177765981,0.473782559393043,0.572842834891957,0.456567055832449,0.422778911889394,0.618702389816501
"396",13.333333333,0.543785449894875,0.474458308075779,0.575719713649659,0.459967917703179,0.428511437907964,0.625773735584498
"397",13.347022587,0.543785449894875,0.474458308075779,0.575719713649659,0.459967917703179,0.428511437907964,0.625773735584498
"398",13.431895962,0.543785449894875,0.474458308075779,0.575719713649659,0.459967917703179,0.428511437907964,0.625773735584498
"399",13.549623546,0.543785449894875,0.474458308075779,0.575719713649659,0.459967917703179,0.428511437907964,0.625773735584498
"400",13.609856263,0.547440123078446,0.482659682312858,0.582210321491636,0.463524013463511,0.432325712579843,0.629374080687154
"401",13.733059548,0.55061845797905,0.482916178917291,0.585225362085863,0.466623719585329,0.432481662793776,0.629397401352634
"402",13.776865161,0.55061845797905,0.482916178917291,0.585225362085863,0.466623719585329,0.432481662793776,0.629397401352634
"403",13.831622177,0.55061845797905,0.482916178917291,0.585225362085863,0.466623719585329,0.432481662793776,0.629397401352634
"404",13.839835729,0.55061845797905,0.482916178917291,0.585225362085863,0.466623719585329,0.432481662793776,0.629397401352634
"405",13.886379192,0.55061845797905,0.482916178917291,0.585225362085863,0.466623719585329,0.432481662793776,0.629397401352634
"406",13.976728268,0.55061845797905,0.482916178917291,0.585225362085863,0.466623719585329,0.432481662793776,0.629397401352634
"407",14.001368925,0.55061845797905,0.482916178917291,0.585225362085863,0.466623719585329,0.432481662793776,0.629397401352634
"408",14.132785763,0.55061845797905,0.482916178917291,0.585225362085863,0.466623719585329,0.432481662793776,0.629397401352634
"409",14.220396988,0.55061845797905,0.482916178917291,0.585225362085863,0.466623719585329,0.432481662793776,0.629397401352634
"410",14.321697467,0.554083766438668,0.489701711379105,0.585763022482666,0.470020162161236,0.438460663296404,0.633520507598458
"411",14.343600274,0.554083766438668,0.489701711379105,0.585763022482666,0.470020162161236,0.438460663296404,0.633520507598458
"412",14.368240931,0.554083766438668,0.489701711379105,0.585763022482666,0.470020162161236,0.438460663296404,0.633520507598458
"413",14.458590007,0.554083766438668,0.489701711379105,0.585763022482666,0.470020162161236,0.438460663296404,0.633520507598458
"414",14.546201232,0.554083766438668,0.489701711379105,0.585763022482666,0.470020162161236,0.438460663296404,0.633520507598458
"415",14.57357974,0.554083766438668,0.489701711379105,0.585763022482666,0.470020162161236,0.438460663296404,0.633520507598458
"416",14.702258727,0.554083766438668,0.489701711379105,0.585763022482666,0.470020162161236,0.438460663296404,0.633520507598458
"417",14.724161533,0.554083766438668,0.489701711379105,0.585763022482666,0.470020162161236,0.438460663296404,0.633520507598458
"418",14.740588638,0.554083766438668,0.489701711379105,0.585763022482666,0.470020162161236,0.438460663296404,0.633520507598458
"419",14.926762491,0.554083766438668,0.489701711379105,0.585763022482666,0.470020162161236,0.438460663296404,0.633520507598458
"420",15.036276523,0.554083766438668,0.489701711379105,0.585763022482666,0.470020162161236,0.438460663296404,0.633520507598458
"421",15.175906913,0.554083766438668,0.489701711379105,0.585763022482666,0.470020162161236,0.438460663296404,0.633520507598458
"422",15.290896646,0.554083766438668,0.489701711379105,0.585763022482666,0.470020162161236,0.438460663296404,0.633520507598458
"423",15.370294319,0.554083766438668,0.489701711379105,0.585763022482666,0.470020162161236,0.438460663296404,0.633520507598458
"424",15.504449008,0.554083766438668,0.489701711379105,0.585763022482666,0.470020162161236,0.438460663296404,0.633520507598458
"425",15.586584531,0.554083766438668,0.489701711379105,0.585763022482666,0.470020162161236,0.438460663296404,0.633520507598458
"426",15.644079398,0.554083766438668,0.489701711379105,0.585763022482666,0.470020162161236,0.438460663296404,0.633520507598458
"427",15.685147159,0.554083766438668,0.489701711379105,0.585763022482666,0.470020162161236,0.438460663296404,0.633520507598458
"428",15.96440794,0.558104717183724,0.493407344297305,0.593804998825774,0.473993918330622,0.444949062383831,0.633651683970334
"429",15.986310746,0.558104717183724,0.493407344297305,0.593804998825774,0.473993918330622,0.444949062383831,0.633651683970334
"430",16.076659822,0.558104717183724,0.493407344297305,0.593804998825774,0.473993918330622,0.444949062383831,0.633651683970334
"431",16.180698152,0.558104717183724,0.493407344297305,0.593804998825774,0.473993918330622,0.444949062383831,0.633651683970334
"432",16.249144422,0.558104717183724,0.493407344297305,0.593804998825774,0.473993918330622,0.444949062383831,0.633651683970334
"433",16.479123888,0.558104717183724,0.493407344297305,0.593804998825774,0.473993918330622,0.444949062383831,0.633651683970334
"434",16.583162218,0.558104717183724,0.493407344297305,0.593804998825774,0.473993918330622,0.444949062383831,0.633651683970334
"435",16.788501027,0.562501985432478,0.496427022478818,0.598293712319033,0.478354922537771,0.44504736869442,0.647130685805063
"436",16.83504449,0.562501985432478,0.496427022478818,0.598293712319033,0.478354922537771,0.44504736869442,0.647130685805063
"437",16.917180014,0.562501985432478,0.496427022478818,0.598293712319033,0.478354922537771,0.44504736869442,0.647130685805063
"438",17.242984257,0.562501985432478,0.496427022478818,0.598293712319033,0.478354922537771,0.44504736869442,0.647130685805063
"439",17.541409993,0.562501985432478,0.496427022478818,0.598293712319033,0.478354922537771,0.44504736869442,0.647130685805063
"440",17.659137577,0.562501985432478,0.496427022478818,0.598293712319033,0.478354922537771,0.44504736869442,0.647130685805063
"441",17.779603012,0.562501985432478,0.496427022478818,0.598293712319033,0.478354922537771,0.44504736869442,0.647130685805063
"442",17.84257358,0.562501985432478,0.496427022478818,0.598293712319033,0.478354922537771,0.44504736869442,0.647130685805063
"443",17.938398357,0.562501985432478,0.496427022478818,0.598293712319033,0.478354922537771,0.44504736869442,0.647130685805063
"444",18.034223135,0.562501985432478,0.496427022478818,0.598293712319033,0.478354922537771,0.44504736869442,0.647130685805063
"445",18.05065024,0.562501985432478,0.496427022478818,0.598293712319033,0.478354922537771,0.44504736869442,0.647130685805063
"446",18.173853525,0.562501985432478,0.496427022478818,0.598293712319033,0.478354922537771,0.44504736869442,0.647130685805063
"447",18.236824093,0.562501985432478,0.496427022478818,0.598293712319033,0.478354922537771,0.44504736869442,0.647130685805063
"448",18.406570842,0.562501985432478,0.496427022478818,0.598293712319033,0.478354922537771,0.44504736869442,0.647130685805063
"449",18.425735797,0.567599423975068,0.501748289827411,0.603794799486129,0.48348046049127,0.449034153827205,0.653001614353268
"450",19.033538672,0.567599423975068,0.501748289827411,0.603794799486129,0.48348046049127,0.449034153827205,0.653001614353268
"451",19.274469541,0.567599423975068,0.501748289827411,0.603794799486129,0.48348046049127,0.449034153827205,0.653001614353268
"452",19.359342916,0.567599423975068,0.501748289827411,0.603794799486129,0.48348046049127,0.449034153827205,0.653001614353268
"453",19.575633128,0.567599423975068,0.501748289827411,0.603794799486129,0.48348046049127,0.449034153827205,0.653001614353268
"454",19.775496235,0.567599423975068,0.501748289827411,0.603794799486129,0.48348046049127,0.449034153827205,0.653001614353268
"455",19.816563997,0.573222326570096,0.508546418764237,0.609467870738159,0.489177350135345,0.449034153827205,0.661746725439862
"456",19.868583162,0.573222326570096,0.508546418764237,0.609467870738159,0.489177350135345,0.449034153827205,0.661746725439862
"457",19.874058864,0.573222326570096,0.508546418764237,0.609467870738159,0.489177350135345,0.449034153827205,0.661746725439862
"458",19.887748118,0.573222326570096,0.508546418764237,0.609467870738159,0.489177350135345,0.449034153827205,0.661746725439862
"459",19.89596167,0.573222326570096,0.508546418764237,0.609467870738159,0.489177350135345,0.449034153827205,0.661746725439862
"460",19.904175222,0.573222326570096,0.508546418764237,0.609467870738159,0.489177350135345,0.449034153827205,0.661746725439862
"461",20.328542094,0.573222326570096,0.508546418764237,0.609467870738159,0.489177350135345,0.449034153827205,0.661746725439862
"462",20.336755647,0.573222326570096,0.508546418764237,0.609467870738159,0.489177350135345,0.449034153827205,0.661746725439862
"463",20.678986995,0.573222326570096,0.508546418764237,0.609467870738159,0.489177350135345,0.449034153827205,0.661746725439862
"464",20.720054757,0.573222326570096,0.508546418764237,0.609467870738159,0.489177350135345,0.449034153827205,0.661746725439862
"465",20.755646817,0.573222326570096,0.508546418764237,0.609467870738159,0.489177350135345,0.449034153827205,0.661746725439862
"466",21.264887064,0.573222326570096,0.508546418764237,0.609467870738159,0.489177350135345,0.449034153827205,0.661746725439862
"467",21.848049281,0.573222326570096,0.508546418764237,0.609467870738159,0.489177350135345,0.449034153827205,0.661746725439862
"468",21.894592745,0.573222326570096,0.508546418764237,0.609467870738159,0.489177350135345,0.449034153827205,0.661746725439862
"469",22.004106776,0.573222326570096,0.508546418764237,0.609467870738159,0.489177350135345,0.449034153827205,0.661746725439862
"470",22.951403149,0.573222326570096,0.508546418764237,0.609467870738159,0.489177350135345,0.449034153827205,0.661746725439862
"471",23.06091718,0.573222326570096,0.508546418764237,0.609467870738159,0.489177350135345,0.449034153827205,0.661746725439862
"472",23.392197125,0.583317692663174,0.517233079705243,0.616746113646925,0.499545158122924,0.462252597860052,0.663819070029916
"473",23.68788501,0.583317692663174,0.517233079705243,0.616746113646925,0.499545158122924,0.462252597860052,0.663819070029916
"474",23.698836413,0.583317692663174,0.517233079705243,0.616746113646925,0.499545158122924,0.462252597860052,0.663819070029916
"475",23.879534565,0.583317692663174,0.517233079705243,0.616746113646925,0.499545158122924,0.462252597860052,0.663819070029916
"476",24.495550992,0.583317692663174,0.517233079705243,0.616746113646925,0.499545158122924,0.462252597860052,0.663819070029916
"477",24.621492129,0.583317692663174,0.517233079705243,0.616746113646925,0.499545158122924,0.462252597860052,0.663819070029916
"478",24.629705681,0.583317692663174,0.517233079705243,0.616746113646925,0.499545158122924,0.462252597860052,0.663819070029916
"479",24.739219713,0.583317692663174,0.517233079705243,0.616746113646925,0.499545158122924,0.462252597860052,0.663819070029916
"480",25.01026694,0.583317692663174,0.517233079705243,0.616746113646925,0.499545158122924,0.462252597860052,0.663819070029916
"481",25.149897331,0.583317692663174,0.517233079705243,0.616746113646925,0.499545158122924,0.462252597860052,0.663819070029916
"482",25.292265572,0.583317692663174,0.517233079705243,0.616746113646925,0.499545158122924,0.462252597860052,0.663819070029916
"483",25.53045859,0.583317692663174,0.517233079705243,0.616746113646925,0.499545158122924,0.462252597860052,0.663819070029916
"484",25.67008898,0.583317692663174,0.517233079705243,0.616746113646925,0.499545158122924,0.462252597860052,0.663819070029916
"485",25.927446954,0.583317692663174,0.517233079705243,0.616746113646925,0.499545158122924,0.462252597860052,0.663819070029916
"486",26.028747433,0.583317692663174,0.517233079705243,0.616746113646925,0.499545158122924,0.462252597860052,0.663819070029916
"487",26.64202601,0.583317692663174,0.517233079705243,0.616746113646925,0.499545158122924,0.462252597860052,0.663819070029916
"488",27.34017796,0.583317692663174,0.517233079705243,0.616746113646925,0.499545158122924,0.462252597860052,0.663819070029916
"489",27.676933607,0.583317692663174,0.517233079705243,0.616746113646925,0.499545158122924,0.462252597860052,0.663819070029916
"490",28.331279945,0.583317692663174,0.517233079705243,0.616746113646925,0.499545158122924,0.462252597860052,0.663819070029916
"491",28.610540726,0.583317692663174,0.517233079705243,0.616746113646925,0.499545158122924,0.462252597860052,0.663819070029916
"492",28.750171116,0.583317692663174,0.517233079705243,0.616746113646925,0.499545158122924,0.462252597860052,0.663819070029916
"493",29.256673511,0.583317692663174,0.517233079705243,0.616746113646925,0.499545158122924,0.462252597860052,0.663819070029916
"494",29.333333333,0.583317692663174,0.517233079705243,0.616746113646925,0.499545158122924,0.462252597860052,0.663819070029916
"495",29.667351129,0.583317692663174,0.517233079705243,0.616746113646925,0.499545158122924,0.462252597860052,0.663819070029916
"496",31.101984942,0.583317692663174,0.517233079705243,0.616746113646925,0.499545158122924,0.462252597860052,0.663819070029916
